"MUMBAI CITY",,,,,,
"Ward","Name(s) of Area(s)","Sub-Area / Industrial Zone","Key Commercial/Industrial Features","District","IT Hub","Corporate Hub"
"A","Colaba, Fort, Ballard Estate, Nariman Point, Cuffe Parade","Fort CBD, Ballard Estate Business District, Nariman Point Commercial Zone","Historic business district; headquarters of many financial institutions, banks, and corporate offices; premium commercial real estate","Mumbai City","–","Fort CBD, Ballard Estate Business District, Nariman Point Commercial Zone"
"B","Sandhurst Road, Dongri, Masjid Bunder","Masjid Bunder Commercial Area","Traditional trading and wholesale market area; textiles and general merchandise","Mumbai City","–","Masjid Bunder Commercial Area"
"C","Marine Lines, Marine Drive, Churchgate","Marine Drive Commercial Precinct, Churchgate Business Area","Premium office space; legal and financial district; high-rise commercial towers","Mumbai City","–","Marine Drive Commercial Precinct, Churchgate Business Area"
"D","Grant Road, Tardeo, Malabar Hill, Gamdevi","Tardeo Commercial Area","Mixed commercial-residential zone; retail and small business hub","Mumbai City","–","Tardeo Commercial Area"
"E","Byculla, Nagpada, Agripada","Byculla Industrial Area","Light industrial and warehousing; manufacturing units; wholesale distribution","Mumbai City","–","–"
"F/North","Matunga, Dadar (East), Parel","Parel Mill Compound Area, Dadar Commercial Hub","Former mill lands converted to commercial and residential; emerging office spaces; retail hub","Mumbai City","–","Parel Mill Compound Area, Dadar Commercial Hub"
"F/South","Lower Parel, Elphinstone, Chinchpokli","Lower Parel Commercial District, Elphinstone Business Zone, Peninsula Business Park","Premium commercial district; converted mill compounds into modern office complexes; media and finance companies","Mumbai City","Peninsula Business Park","Lower Parel Commercial District, Elphinstone Business Zone"
"G/North","Dadar (West), Shivaji Park","Dadar Commercial Hub","Retail and commercial center; educational institutions; Shivaji Park residential area","Mumbai City","–","Dadar Commercial Hub"
"G/South","Prabhadevi, Worli","Prabhadevi Commercial Area, Worli Business District, Senapati Bapat Marg","Premium office corridor; headquarters of major corporations; media and advertising hub; Worli Sea Face commercial developments","Mumbai City","–","Prabhadevi Commercial Area, Worli Business District, Senapati Bapat Marg"
"H/East","Khar (East), Santacruz (East), Vile Parle (East)","Santacruz Electronics Export Processing Zone (SEEPZ)","Special Economic Zone (SEZ); gem and jewelry exports; electronics manufacturing; IT/ITES companies","Mumbai Suburban","SEEPZ SEZ   ","–"
"H/West","Bandra (West), Khar (West), Santacruz (West)","Bandra-Kurla Complex (BKC) (partial), Bandra Reclamation","Premium commercial district; financial hub; diamond trading; corporate headquarters; high-end retail","Mumbai Suburban","–","Bandra-Kurla Complex (BKC)    "
"K/East","Andheri (East), Jogeshwari (East), Vile Parle (East)","MIDC Andheri, SEEPZ, Marol Industrial Area, Chakala, International Airport Zone","Major industrial and IT hub; Marol pipeline industrial area; proximity to international airport; film and media post-production studios; engineering and manufacturing units","Mumbai Suburban","SEEPZ++  , MIDC Andheri IT Zone","Marol Business District, Chakala Corporate Zone"
"K/West","Andheri (West), Juhu, Versova","Andheri West Commercial Area, Juhu Commercial Zone","Retail and entertainment hub; film industry presence (Bollywood); Versova commercial zone; hospitality industry","Mumbai Suburban","–","Andheri West Commercial Area"
"L","Kurla, Saki Naka, Chandivali","MIDC Kurla, Saki Naka Industrial Area, Chandivali Commercial Zone, Bandra-Kurla Complex (BKC) (partial)","Industrial and commercial mix; Saki Naka IT corridor; business process outsourcing (BPO) centers; logistics and warehousing","Mumbai Suburban","–","Bandra-Kurla Complex (BKC)    "
"M/East","Chembur (East), Deonar, Govandi","Deonar Industrial Area","Industrial area; waste management facilities; manufacturing units; dumping ground","Mumbai Suburban","–","–"
"M/West","Chembur (West)","Chembur Commercial Area","Residential-commercial mix; retail hubs; diamond trading presence; established middle-class locality","Mumbai Suburban","–","Chembur Commercial Area"
"N","Ghatkopar, Vikhroli","MIDC Ghatkopar, Vikhroli Industrial Area, Godrej Industrial Precinct","Industrial and manufacturing hub; Godrej industrial campus; IT parks; commercial complexes along LBS Marg","Mumbai Suburban","–","Godrej Industrial Precinct (corporate HQ)"
"P/North","Malad, Marve, Aksa","MIDC Malad, Mindspace Malad","Major IT park (Mindspace); business process outsourcing (BPO) and IT/ITES companies; commercial developments along Western Express Highway","Mumbai Suburban","Mindspace Malad   , Quantum Tower  ","–"
"P/South","Goregaon, Aarey Colony","MIDC Goregaon, NESCO IT Park, Film City Road Commercial Zone","NESCO IT Park; Film City (entertainment industry); industrial estates; commercial complexes; wholesale markets","Mumbai Suburban","NESCO IT Park  ","–"
"R/Central","Borivali, Mandapeshwar","Borivali Commercial Area","Retail and commercial hub; educational institutions; healthcare facilities; residential-commercial mix","Mumbai Suburban","–","Borivali Commercial Area"
"R/North","Dahisar","Dahisar Industrial Area","Light industrial units; manufacturing; commercial developments along highway; entry point to Mumbai city","Mumbai Suburban","–","–"
"R/South","Kandivali, Charkop","MIDC Kandivali, Charkop Industrial Area","Industrial estates; small and medium manufacturing units; commercial complexes; retail parks","Mumbai Suburban","–","–"
"S","Bhandup, Nahur","MIDC Bhandup","Industrial area; manufacturing units; paper and packaging industries; commercial developments","Mumbai Suburban","–","–"
"T","Mulund","MIDC Mulund","Industrial area; pharmaceutical manufacturing; engineering units; commercial complexes; residential-commercial mix","Mumbai Suburban","–","–"
"Navi Mumbai Nodes",,,,,,
"Ward","Name(s) of Area(s)","Sub-Area / Industrial Zone","Key Commercial/Industrial Features","District","IT Hub","Corporate Hub"
"Node 1","Airoli","MIDC Airoli, Airoli Knowledge Park","IT and engineering hub; part of TTC Industrial Area; multinational corporations; research and development centers","Thane","Gigaplex Estate  , Airoli Knowledge Park","–"
"Node 2","Ghansoli","MIDC Ghansoli, Mindspace, Reliance Corporate Park, Dhirubhai Ambani Knowledge City (DAKC)","Major IT and corporate hub; Reliance Corporate Park (world's largest office campus); Mindspace IT Park; life sciences and biotechnology presence","Thane","Mindspace Ghansoli, Dhirubhai Ambani Knowledge City (DAKC)","Reliance Corporate Park"
"Node 3","Kopar Khairane","MIDC Kopar Khairane","Chemical, textile, and food processing industries; IT and engineering units; part of TTC Industrial Area","Thane","–","–"
"Node 4","Mahape","MIDC Mahape, Millennium Business Park (MBP)","Electronics and IT hub; Millennium Business Park; manufacturing units; research and development centers","Thane","Millennium Business Park (MBP)  ","–"
"Node 5","Rabale","MIDC Rabale","IT and engineering hub; chemical manufacturing; part of TTC Industrial Area; industrial estates","Thane","R-Tech Park  ","–"
"Node 6","Turbhe","MIDC Turbhe, Raheja Mindspace","Chemical industries; IT and corporate park (Raheja Mindspace); service sector businesses; commercial developments","Thane","Raheja Mindspace  ","–"
"Node 7","Nerul","MIDC Nerul","Service sector; IT companies; commercial establishments; residential-commercial mix; educational institutions","Thane","–","–"
"Node 8","Vashi","International Infotech Park, APMC Market","Major commercial and transport node; APMC wholesale market (Asia's largest); International Infotech Park; retail hubs; corporate offices","Thane","International Infotech Park  ","–"
"Node 9","Sanpada","Sanpada Commercial Zone","Prime residential and commercial location; retail complexes; commercial offices","Thane","–","–"
"Node 10","Juinagar","Juinagar Commercial Area","Centrally located node; commercial establishments; retail; residential developments","Thane","–","–"
"Node 11","Seawoods-Darave","Seawoods Commercial Zone","Major residential and commercial node; Seawoods Grand Central mall; railway junction; commercial complexes","Thane","–","–"
"Node 12","CBD Belapur","CBD Belapur Business District","Planned commercial center; government offices; corporate offices; financial institutions; educational hub","Thane","–","CBD Belapur Business District"
"Node 13","Kharghar","Kharghar Commercial Zone, Taloja MIDC","Emerging commercial and residential hub; proposed second CBD; Taloja MIDC industrial area; educational institutions","Raigad","–","–"
"Node 14","Kamothe","Kamothe Industrial Area","Residential node; light industrial presence; commercial developments","Raigad","–","–"
"Node 15","New Panvel","Panvel Commercial Zone, JNPT Port Area","Key node with upcoming airport; JNPT port access; logistics and warehousing; commercial hub; transport junction","Raigad","Innovation City (upcoming near NMIA)  ","–"
"Node 16","Ulwe","Ulwe Commercial Zone","Developing node near JNPT port; residential and commercial developments; logistics presence","Raigad","–","–"
"Node 17","Taloja","Taloja MIDC","Major industrial area; chemical and pharmaceutical manufacturing; MIDC industrial estate; pollution control industries","Raigad","–","–"
"Node 18","Dronagiri","Dronagiri Node","Node near Uran; special economic zone (SEZ); port-related industries; developing commercial area","Raigad","–","–"
"Node 19","Kalamboli","Kalamboli Commercial Zone","Commercial node; Kalamboli steel market; warehousing; logistics; wholesale trade","Raigad","–","–"
"Thane Municipal Corporation",,,,,,
"Ward","Name(s) of Area(s)","Sub-Area / Industrial Zone","Key Commercial/Industrial Features","District","IT Hub","Corporate Hub"
"TMC Wards","Wagle Estate, Kalwa, Digha, Majiwada, Kolshet, Pokhran Road, Kapurbawdi, Manpada, Vartak Nagar, Naupada, Uthalsar","MIDC Wagle Estate, Ashar IT Park, MIDC Kalwa, MIDC Digha, Ghodbunder Road Commercial Corridor","Major IT & ITES hub (Wagle Estate); industrial manufacturing (Kalwa, Digha); emerging commercial corridor along Ghodbunder Road; retail and entertainment complexes; residential-commercial mix","Thane","Ashar IT Park, AI Thane (Wagle Estate)   , Intellion Park (Thane-Belapur Road)  ","Wagle Estate Corporate Zone"
"Kalyan-Dombivali Municipal Corporation",,,,,,
"Ward","Name(s) of Area(s)","Sub-Area / Industrial Zone","Key Commercial/Industrial Features","District","IT Hub","Corporate Hub"
"KDMC Wards","Kalyan (East & West), Dombivali (East & West), Ambarnath, Ulhasnagar, Badlapur, Titwala","MIDC Kalyan, MIDC Ambarnath, MIDC Badlapur, Ulhasnagar Commercial Zone","Industrial manufacturing (Ambarnath, Badlapur); textile and consumer goods trading (Ulhasnagar); residential-commercial hubs (Kalyan, Dombivali); railway junction; emerging commercial developments","Thane","–","–"
"Mira-Bhayandar Municipal Corporation",,,,,,
"Ward","Name(s) of Area(s)","Sub-Area / Industrial Zone","Key Commercial/Industrial Features","District","IT Hub","Corporate Hub"
"MBMC Wards","Mira Road (East & West), Bhayandar (East & West)","Mira Road Commercial Zone, Bhayandar Commercial Zone","Residential suburbs with growing commercial presence; retail complexes; commercial offices along Ghodbunder Road; proximity to Mumbai","Thane","–","–"
"Bhiwandi-Nizampur Municipal Corporation",,,,,,
"Ward","Name(s) of Area(s)","Sub-Area / Industrial Zone","Key Commercial/Industrial Features","District","IT Hub","Corporate Hub"
"BNMC Wards","Bhiwandi, Nizampur","Bhiwandi MIDC, Textile Industrial Area, Warehousing & Logistics Zone","Major textile manufacturing and trading hub; powerloom industry; warehousing and logistics center for Mumbai region; industrial estates; wholesale markets","Thane","–","–"
"Vasai-Virar Municipal Corporation",,,,,,
"Ward","Name(s) of Area(s)","Sub-Area / Industrial Zone","Key Commercial/Industrial Features","District","IT Hub","Corporate Hub"
"VVCMC Wards","Vasai (East & West), Virar (East & West), Nallasopara (East & West), Naigaon (East & West), plus constituent villages: Agashi, Bolinj, Chandansar, Chinchoti, Gass, Juchandra, Kaman, Nirmal, Pelhar, Sativali, Umela, Vatar, Waliv, and others","Vasai Industrial Area, Virar Commercial Zone, Waliv MIDC, Sativali Industrial Estate","Traditional weaving and salt industries (Vasai); emerging residential and commercial hubs; MIDC industrial estates (Waliv, Sativali); warehousing and logistics; retail complexes; developing commercial corridors","Palghar","–","–"
